,pc1,pc2
anti-imperialism_positive,-0.03955733806201821,0.1414967063020366
military_positive,-0.05340576782450901,0.0703004584065593
military_negative,-0.02574758854110948,-0.14568453752602437
peace_positive,0.14728626744444803,0.18131750118842516
internationalism_positive,0.10151927797284813,0.09934696657449482
european_union_positive,0.06969264602845444,0.1578264498806613
united_states_positive,0.09428610831988468,0.14328826134256728
russia_ussr_positive,-0.12028176613364623,0.20524385491800132
china_prc_positive,0.05558068884708601,0.01942743645560199
internationalism_negative,-0.24754974494153972,0.1649606964181893
european_union_negative,-0.2414332957973552,0.04699558474269168
united_states_negative,-0.23825740133478182,-0.009763985686624677
russia_ussr_negative,-0.1170342504671352,-0.015766676291561667
china_prc_negative,-0.04423162964857229,0.4666084564674851
freedom_and_human_rights_positive,0.15830555074376437,0.11534700217211385
democracy_positive,0.09388693662928797,0.061959700523454384
constitutional_reform_negative,-0.010375984384533273,0.035241397225980235
constitutional_reform_positive,-0.19801794728723346,0.10286212844777315
federalism_positive,0.10528319040953861,0.03802447607154161
centralisation_positive,-0.14445149417590403,-0.01973489767672861
efficient_governance_positive,0.017724470811215722,-0.04298319244310666
anti-corruption_positive,-0.06736958656614717,0.15401797215630084
involved_in_corruption_positive,-0.2552119857860554,-0.13977410283388791
political_authority_positive,-0.03936590743854369,0.05258125254679756
free_market_positive,0.023552255303004383,-0.11298259279895724
supply-side_economics_positive,0.08962265104101823,-0.2908149848749214
market_regulation_positive,0.07400104110837764,-0.1614535817574106
economic_planning_positive,-0.04546784742645566,-0.1025019455845614
mixed_economy_positive,-0.09273001187759713,-0.10651665032146503
protectionism_positive,-0.05054007432674639,-0.04035270276431693
protectionism_negative,-0.009575778301026891,-0.15046908349104088
economic_goals_positive,-0.015973944778860782,-0.02825953858311031
demand-side_economics_positive,0.10907677772116661,-0.1591543125788036
economic_growth_positive,0.05555074773000894,-0.17385648706115914
tech_and_infrastructure_positive,0.09322813381817757,-0.13570805823737966
economic_control_positive,-0.16643360732359846,-0.03520540613051983
nationalisation_positive,-0.15023157075549232,-0.010999475015430034
economic_orthodoxy_positive,0.003129077783936817,-0.02916733661282877
marxism_positive,-0.06044687064514549,0.09575196269505785
anti-growth_positive,0.17759781768426583,0.03621984627437609
environmentalism_positive,0.1479900842838956,0.011693242857949685
culture_positive,0.20771143877568818,0.06453729078613898
equality_positive,0.1852744372213114,0.05662769701935816
welfare_state_positive,0.080597627030077,-0.022486584770798165
welfare_state_negative,-0.055346372140660224,0.02495731368406577
state-funded_education_positive,0.16919035503943902,-0.05822713669912184
state-funded_education_negative,-0.03482613310337022,-0.25439338060531413
national_way_of_life_positive,-0.016375749004103286,0.07384678549062003
national_way_of_life_negative,-0.13427705133255152,0.1844853481934825
traditional_morality_positive,0.037691015650653546,-0.09817106240625831
traditional_morality_negative,-0.040782019018554515,-0.01812156412474777
law_and_order_positive,-0.0680244606242919,-0.02681560253397957
civic_mindedness_positive,0.1697954078359679,0.014183263454908732
multiculturalism_positive,0.22594699311247848,-0.0381135776432821
multiculturalism_negative,-0.2562834409607659,-0.03196951676172478
worker_rights_positive,0.08506195752695636,-0.08438505023512145
worker_rights_negative,-0.20389998819145522,-0.2979060792593614
agriculture_and_farmers_positive,0.02598470714899402,-0.034474643781041474
professionals_positive,0.11992966520428205,-0.049703017622504425
minority_groups_positive,0.18263958170493722,0.002625724483391261
demographic_groups_positive,0.1363696982685956,0.10414198793306728
