arm,tag,n_bearers,mean_bearers,mean_others,diff,ci_low,ci_high,welch_p,excludes_zero,q_value
name_only,culture_positive,118,0.7466313559322033,0.5439592904543135,0.20267206547788985,0.17047487368166053,0.23478566600479314,5.309533939644146e-29,True,3.238815703182929e-27
name_only,multiculturalism_positive,59,0.7586228813559321,0.5597600655430712,0.19886281581286092,0.15694375525693524,0.23921054670142192,4.9351320030018364e-15,True,5.017384203051867e-14
name_only,anti-growth_positive,43,0.7589922480620154,0.5641088598901098,0.19488338817190554,0.12235813747178217,0.2600160639082331,1.3364170365617993e-06,True,5.4347626153513176e-06
name_only,equality_positive,85,0.7468823529411766,0.5536777210884353,0.19320463185274128,0.15377159328016932,0.2313325728505689,2.490125117602141e-17,True,3.7974408043432654e-16
name_only,state-funded_education_positive,60,0.745638888888889,0.560576066572902,0.18506282231598692,0.13475036773323942,0.23292331223628704,1.8219329241135517e-10,True,1.3892238546365832e-09
name_only,civic_mindedness_positive,127,0.7248556430446196,0.545421195652174,0.17943444739244563,0.14401152293123687,0.21545087133299923,2.305194557002453e-19,True,7.030843398857482e-18
name_only,internationalism_positive,122,0.713101092896175,0.5490132254750898,0.16408786742108517,0.12691839115663453,0.20035695442547174,4.931841675046195e-16,True,6.0168468435563574e-15
name_only,peace_positive,58,0.7250000000000001,0.5627740766713418,0.16222592332865826,0.09766992612564694,0.2249497957674388,4.031183660497026e-06,True,1.2942221225806241e-05
name_only,environmentalism_positive,64,0.7183072916666666,0.5620031824611033,0.15630410920556337,0.10489981509311641,0.2036902160500648,2.32034085031045e-08,True,1.0887753220687496e-07
name_only,freedom_and_human_rights_positive,101,0.7099422442244225,0.5546324626865672,0.15530978153785535,0.11197309707649869,0.19686787288803526,2.5282094634461313e-11,True,2.2031539610030573e-10
name_only,minority_groups_positive,66,0.7073737373737373,0.5625833333333333,0.144790404040404,0.08696943907156665,0.19978724881796686,2.881296552343136e-06,True,1.0338769981937136e-05
name_only,demographic_groups_positive,92,0.6899547101449276,0.5593992390770741,0.13055547106785348,0.08905162976777442,0.1718646130151972,1.0553029622234388e-08,True,5.8521346086936156e-08
name_only,tech_and_infrastructure_positive,69,0.6910748792270531,0.5635665954415954,0.12750828378545775,0.07627020624303227,0.17695592948717953,3.587592869704502e-06,True,1.215795361399859e-05
name_only,european_union_positive,35,0.6869761904761904,0.5696518342391305,0.11732435623705995,0.07625878178377313,0.1597390455163043,1.8211773762656587e-06,True,6.943238747012824e-06
name_only,demand-side_economics_positive,20,0.6853333333333332,0.572038948069241,0.11329438526409219,0.033981913004882375,0.19191292304704832,0.01197795709435095,True,0.022141072204709334
name_only,democracy_positive,113,0.6685176991150443,0.5589140070921985,0.10960369202284581,0.07630903655710072,0.14392373014565477,9.596039317383544e-10,True,6.503982204004402e-09
name_only,welfare_state_positive,50,0.6641833333333333,0.5687916088765603,0.09539172445677302,0.03593508784096161,0.15119659153952847,0.0021414323100821405,True,0.0046652632469646625
name_only,united_states_positive,53,0.6624528301886794,0.5685207753017641,0.09393205488691525,0.02812461403531821,0.15625132158686786,0.005943968356876775,True,0.012502829992051146
name_only,federalism_positive,47,0.6582092198581562,0.5695747007366483,0.08863451912150788,0.02399422167038892,0.14946037148328814,0.007628385944293128,True,0.015010694922641317
name_only,market_regulation_positive,32,0.6580729166666668,0.5713796797474064,0.08669323691926034,0.016354413340099353,0.1559449495376635,0.02138036905135528,True,0.03622784755924089
name_only,worker_rights_positive,58,0.6541522988505746,0.5685372837774662,0.08561501507310842,0.036077214920765356,0.13388061513598049,0.001170012655526031,True,0.0026433619254476997
name_only,professionals_positive,109,0.6439296636085629,0.5636247482376637,0.08030491537089912,0.037810352946543085,0.12278589157935814,0.0003510544934378926,True,0.0008236278499889019
name_only,economic_growth_positive,99,0.6439478114478115,0.5648170882936507,0.07913072315416081,0.03768867055976451,0.11966796734081896,0.0002313521847854408,True,0.0005644993308764755
name_only,supply-side_economics_positive,33,0.6366161616161615,0.572221657633243,0.06439450398291857,0.005399421039664926,0.12197965554939631,0.03907052409176193,True,0.061110306912755825
name_only,anti-corruption_positive,47,0.6339361702127659,0.5711504373848987,0.06278573282786726,-0.0016564538762195412,0.12351230328699887,0.05663201261763685,False,0.08425738462624019
name_only,efficient_governance_positive,67,0.6276616915422886,0.569963896780303,0.057697794761985555,0.012353558247469892,0.1035156729226735,0.014588167886715825,True,0.025425092602561865
name_only,agriculture_and_farmers_positive,32,0.6275260416666667,0.5727024131709517,0.05482362849571498,-0.04096136741655402,0.14266147947677038,0.254732042465335,False,0.3237219706330299
name_only,constitutional_reform_negative,53,0.6194968553459118,0.5716916202414113,0.04780523510450052,-0.0065805374161280175,0.09984792142963497,0.08751983759600575,False,0.1271121450799131
name_only,protectionism_negative,42,0.6186507936507936,0.5724617055326933,0.0461890881181003,-0.011549944068848352,0.10069610400744658,0.12343382707758406,False,0.17112416935755972
name_only,free_market_positive,80,0.6136458333333333,0.5705010853835022,0.04314474794983114,0.0017743031687168403,0.08396736952785816,0.04515329188900133,True,0.06885877013072703
name_only,economic_goals_positive,77,0.6066450216450215,0.5714643371757925,0.03518068446922906,-0.014032161492446049,0.08306735882393321,0.17261712837297521,False,0.22890532240764105
name_only,traditional_morality_positive,68,0.6063174019607843,0.571946420104315,0.03437098185646936,-0.02380657476361803,0.09227248046711582,0.25436142006088475,False,0.33012865156838234
name_only,china_prc_positive,28,0.6052678571428574,0.5738363615971288,0.03143149554572855,-0.0573503312664231,0.11353954668172783,0.4837298618194851,False,0.5365003921997925
name_only,economic_orthodoxy_positive,37,0.5986036036036037,0.5737868982742961,0.024816705329307576,-0.034400865613569975,0.07908027177381755,0.40105506901698473,False,0.4704684463468475
name_only,protectionism_positive,24,0.5935069444444445,0.574382530120482,0.019124414323962502,-0.07019679760709503,0.10401295459616257,0.6734864544488792,False,0.7083219607134764
name_only,national_way_of_life_positive,140,0.5878720238095239,0.5721170100369783,0.015755013772545512,-0.02752113861689673,0.0585737538676326,0.4741429070237453,False,0.5356058764527494
name_only,economic_planning_positive,71,0.5836737089201878,0.5740958333333332,0.009577875586854523,-0.04600205818242801,0.06409954644533858,0.7383811286019231,False,0.7634109973680899
name_only,mixed_economy_positive,35,0.5759047619047619,0.5749337635869566,0.0009709983178053383,-0.07326951750129403,0.07404125097049682,0.9800908772419075,False,0.9800908772419075
name_only,china_prc_negative,38,0.5693201754385965,0.5752711459754435,-0.005950970536847011,-0.08315840109738867,0.0675605770266389,0.8767744839994773,False,0.8913873920661354
name_only,welfare_state_negative,57,0.5606578947368421,0.5761210317460317,-0.015463137009189554,-0.06732480097302082,0.03378585710600016,0.5516463643009393,False,0.5903583898659175
name_only,political_authority_positive,221,0.5630957767722474,0.5797522727272727,-0.016656495955025274,-0.05524440328054301,0.021572961572740933,0.3888307662741006,False,0.4650720929945125
name_only,law_and_order_positive,98,0.5597278911564626,0.5771984893511639,-0.017470598194701314,-0.07163985947276376,0.0356639472839655,0.5265410308808245,False,0.5735536229237553
name_only,anti-imperialism_positive,66,0.5490025252525251,0.5774095744680852,-0.028407049215560032,-0.10102949038254883,0.04377968246292721,0.45020008663943223,False,0.5181548166982145
name_only,traditional_morality_negative,78,0.5455235042735043,0.5782930495430495,-0.03276954526954523,-0.09613772107522123,0.029523179366929272,0.31210730198767067,False,0.3807709084249582
name_only,marxism_positive,60,0.5207083333333333,0.5795575480543834,-0.05884921472105009,-0.12770764767932502,0.006648079289732911,0.09498210368839531,False,0.13474205406958406
name_only,russia_ussr_positive,38,0.5182675438596491,0.5779178035470668,-0.05965025968741766,-0.1385432582992269,0.016145995637969344,0.1445644514968202,False,0.1959651453623563
name_only,state-funded_education_negative,13,0.5001282051282051,0.57626154353562,-0.07613333840741487,-0.20837147668459505,0.04989052563256876,0.29098263096114246,False,0.36224368344142227
name_only,european_union_negative,23,0.4906521739130435,0.5775707442067737,-0.08691857029373018,-0.15961415647039442,-0.010629863210106222,0.03777037600228358,True,0.06063139305629732
name_only,economic_control_positive,56,0.4868303571428571,0.5818817016317016,-0.0950513444888445,-0.16223268710456204,-0.031191838890276463,0.006746560705746423,True,0.01371800676835106
name_only,nationalisation_positive,37,0.47990990990990995,0.5797700953678474,-0.09986018545793746,-0.18399963677062628,-0.016798041783268297,0.026436104682375818,True,0.043583848260133104
name_only,russia_ussr_negative,45,0.4741851851851852,0.581225321395776,-0.10704013621059077,-0.18918561466942144,-0.02784025290786642,0.013217423988528416,True,0.02371361362647745
name_only,military_positive,109,0.4733409785932722,0.5917126132930514,-0.11837163469977918,-0.16971304723661956,-0.0660572827164001,1.2953651785608463e-05,True,3.591694358736892e-05
name_only,centralisation_positive,87,0.46694444444444444,0.588718932748538,-0.1217744883040936,-0.18099989182126772,-0.06372325832241042,9.512471222685839e-05,True,0.00024177531024326506
name_only,military_negative,53,0.44844339622641505,0.5843181290622098,-0.13587473283579476,-0.2370631539500885,-0.03606287337292622,0.0103269367806097,True,0.01968572323803724
name_only,constitutional_reform_positive,65,0.43730769230769234,0.5876528564683664,-0.15034516416067406,-0.21187254644258005,-0.08989918804932091,6.7035919493673675e-06,True,1.9472338519590925e-05
name_only,national_way_of_life_negative,79,0.4106223628691983,0.5937409682080924,-0.18311860533889412,-0.24904039211696052,-0.11788932644173326,4.5285186107846417e-07,True,1.9731402518418794e-06
name_only,internationalism_negative,55,0.3775454545454546,0.5901437383612663,-0.21259828381581175,-0.27590408413746403,-0.14821984853775189,2.0330410514230032e-08,True,1.0334625344733599e-07
name_only,united_states_negative,49,0.3696768707482993,0.5889110110803324,-0.2192341403320331,-0.30101091485763276,-0.1320794075767426,4.33705585725076e-06,True,1.3228020364614818e-05
name_only,multiculturalism_negative,64,0.35371093750000004,0.5950076614804338,-0.24129672398043378,-0.308215920224835,-0.17368725873703442,1.6637331433906507e-09,True,1.0148772174682968e-08
name_only,worker_rights_negative,30,0.34027777777777773,0.584479869545659,-0.24420209176788127,-0.34012390350877186,-0.1459395439721098,3.266255198035657e-05,True,8.66267682957283e-05
name_only,involved_in_corruption_positive,108,0.35702160493827156,0.6104820261437908,-0.2534604212055192,-0.303454458724373,-0.20333987626389585,1.5778144068409578e-17,True,3.2082226272432807e-16
with_summary,culture_positive,118,0.7603954802259887,0.5119159335288368,0.2484795466971519,0.21162013416008094,0.284550007144987,1.72725606187211e-31,True,1.053626197741987e-29
with_summary,equality_positive,88,0.7602083333333334,0.5224087078651685,0.2377996254681649,0.19718348601889685,0.2787301934371808,3.2813204552023246e-22,True,5.004013694183545e-21
with_summary,anti-growth_positive,44,0.7715151515151516,0.5355908289241622,0.2359243225909894,0.1576344696969698,0.3058141734808402,1.0306703580758682e-07,True,3.9294307401642477e-07
with_summary,multiculturalism_positive,60,0.7645972222222224,0.5310506756756757,0.23354654654654672,0.1752973442192192,0.2870607075825825,3.319706135430443e-12,True,2.2500230473473003e-11
with_summary,freedom_and_human_rights_positive,103,0.7467233009708736,0.5192838354854137,0.2274394654854599,0.182538963217302,0.2702546123469515,2.5043528772812074e-19,True,3.055310510283073e-18
with_summary,civic_mindedness_positive,129,0.737952196382429,0.5121572280178838,0.22579496836454527,0.18732850209105925,0.2646794722385887,5.2540607372326395e-24,True,1.0683256832373033e-22
with_summary,peace_positive,59,0.7525141242937853,0.5323279352226721,0.2201861890711132,0.15673937199310747,0.28074217922032363,1.8184867976341228e-09,True,8.532899588898577e-09
with_summary,state-funded_education_positive,61,0.740928961748634,0.5326883175462337,0.2082406442024003,0.1542137178619759,0.2620049436359872,8.054683736802139e-11,True,4.466688254044823e-10
with_summary,environmentalism_positive,66,0.7378661616161617,0.5315451861943687,0.20632097542179295,0.15080286258360165,0.2569535124748851,3.5824081098481955e-11,True,2.1852689470073995e-10
with_summary,internationalism_positive,128,0.71416015625,0.5170250496031746,0.19713510664682532,0.15633672805059518,0.23781166294642858,3.6185044429205415e-18,True,3.6788128503025505e-17
with_summary,minority_groups_positive,69,0.7128985507246378,0.5330551755585956,0.1798433751660422,0.11465171172108886,0.24158011120693637,2.9650199342455845e-07,True,8.612676951856221e-07
with_summary,tech_and_infrastructure_positive,69,0.7022342995169083,0.5340617875057,0.1681725120112083,0.11373836094093846,0.22106690053001327,2.2217974265285676e-08,True,9.680688787017331e-08
with_summary,demographic_groups_positive,97,0.6916494845360825,0.5288240872451399,0.1628253972909427,0.11646537391297986,0.20944342239689498,2.6445242933560194e-10,True,1.3442998491226432e-09
with_summary,democracy_positive,115,0.6807028985507245,0.5263832116788321,0.15431968687189246,0.11870903549137839,0.1906116894107689,1.4602861114249822e-15,True,1.272535039956056e-14
with_summary,european_union_positive,36,0.6927083333333335,0.5417746509598604,0.15093368237347304,0.1056816311566802,0.19813698310548775,1.1072443793023435e-07,True,3.5548372177601554e-07
with_summary,demand-side_economics_positive,20,0.6849999999999999,0.545068376068376,0.13993162393162395,0.05349115918803406,0.22607566773504267,0.005147571366162865,True,0.009812557916747962
with_summary,united_states_positive,54,0.6736265432098767,0.5395140750670241,0.1341124681428526,0.06013253711150838,0.2025748973951611,0.0005525401377093949,True,0.0012037481571526103
with_summary,welfare_state_positive,50,0.6715166666666665,0.54037,0.13114666666666652,0.07012069444444452,0.18997416666666658,7.382312190838321e-05,True,0.00017320040140043753
with_summary,professionals_positive,112,0.6612872023809524,0.5302168120155039,0.13107039036544854,0.08340799764673307,0.17848820338455157,2.1878443519831294e-07,True,6.672925273548544e-07
with_summary,market_regulation_positive,33,0.6563636363636365,0.543928726640591,0.11243490972304548,0.03538589035728874,0.187333173653089,0.006773917552154492,True,0.012153205020041883
with_summary,federalism_positive,50,0.6472666666666665,0.5419866666666667,0.10527999999999982,0.040055861111111084,0.1655184722222223,0.0017482952103795902,True,0.0035548669277718336
with_summary,supply-side_economics_positive,33,0.6456565656565656,0.5443893959148196,0.10126716974174599,0.02908849577917362,0.16771973483202307,0.0063142315754337605,True,0.011671761397013921
with_summary,economic_growth_positive,99,0.6252188552188551,0.5377413219210652,0.08747753329778996,0.03855836689529625,0.13573059680254768,0.0005550871139728651,True,0.001167597032839475
with_summary,worker_rights_positive,58,0.6251867816091954,0.5425774932614555,0.08260928834773984,0.02333316293335795,0.13984735938129317,0.008623039039139411,True,0.014611260594097335
with_summary,efficient_governance_positive,67,0.6103980099502487,0.5429149613460663,0.06748304860418242,0.017790962479552908,0.11915615815872903,0.011097092934596027,True,0.018295207270550205
with_summary,anti-corruption_positive,52,0.5979166666666667,0.5451359180035651,0.05278074866310156,-0.019564933840669155,0.12270092897298797,0.1573605619445279,False,0.21331098396924897
with_summary,economic_goals_positive,79,0.5959071729957806,0.5433795654184004,0.052527607577380175,-0.0024911935924670087,0.10642562632770936,0.06388200952115444,False,0.09278101382834336
with_summary,economic_orthodoxy_positive,37,0.597454954954955,0.5461959370904326,0.05125901786452247,-0.020960456442681377,0.11939280843753318,0.16441268376660542,False,0.21802551542962895
with_summary,agriculture_and_farmers_positive,33,0.5937121212121212,0.5466242937853107,0.0470878274268105,-0.04857840793857752,0.13864226686684314,0.34248206067420506,False,0.40175780194474053
with_summary,free_market_positive,80,0.5901041666666667,0.5439513888888888,0.04615277777777782,-0.004897222222222207,0.0969056712962963,0.08088655803731921,False,0.11474604744829003
with_summary,constitutional_reform_negative,53,0.589937106918239,0.5456314145470772,0.044305692371161776,-0.016972319045574346,0.10396709742534056,0.16606060138426995,False,0.21552546137107378
with_summary,protectionism_negative,42,0.5904761904761905,0.5462445030782761,0.04423168739791439,-0.024594656992084355,0.11041350855425729,0.21777220256804036,False,0.27110417054388697
with_summary,china_prc_negative,40,0.5692499999999999,0.5474780701754386,0.02177192982456133,-0.06201680372807011,0.10278522478070168,0.6085489226625342,False,0.6874348941187888
with_summary,national_way_of_life_positive,143,0.5611480186480187,0.5458282597666159,0.0153197588814028,-0.032067095480622955,0.06222594690317293,0.5187331755065883,False,0.5970325227528657
with_summary,china_prc_positive,29,0.5524425287356322,0.5484208819714657,0.004021646764166498,-0.08840673684720543,0.09098742210444716,0.9305335667551833,False,0.9460424595344363
with_summary,protectionism_positive,24,0.5496180555555555,0.548534149484536,0.0010839060710194914,-0.09099139998568155,0.08877671284364265,0.9816367514702116,False,0.9816367514702116
with_summary,economic_planning_positive,71,0.5438732394366197,0.5490237768632831,-0.005150537426663382,-0.06638936545657108,0.05483298154266246,0.8697131367226538,False,0.8991949379674895
with_summary,political_authority_positive,226,0.5445575221238937,0.5501451800232289,-0.00558765789933513,-0.04680052168449939,0.03453956830141934,0.7889165734376629,False,0.8442791399946918
with_summary,traditional_morality_negative,79,0.5430168776371308,0.5491747572815534,-0.006157879644422604,-0.07620941269158518,0.06239254588095532,0.8629777259407839,False,0.9076145048687555
with_summary,traditional_morality_positive,71,0.5362676056338028,0.5497645176040238,-0.01349691197022096,-0.08202835859464049,0.055401089263058874,0.7024683425534797,False,0.7791012526502229
with_summary,mixed_economy_positive,35,0.5353809523809523,0.5491699346405228,-0.013788982259570481,-0.10067980469965765,0.07377322984749443,0.7638414672202778,False,0.8320415982220882
with_summary,welfare_state_negative,57,0.5172514619883041,0.5509690444145356,-0.033717582426231574,-0.09748105072292658,0.027764730073276626,0.29678811216388323,False,0.3620814968399375
with_summary,anti-imperialism_positive,68,0.5143627450980393,0.5517440801457195,-0.037381335047680264,-0.11366000683060115,0.03816053921568631,0.33959640997784757,False,0.40618394134605296
with_summary,law_and_order_positive,102,0.5081045751633987,0.5544794651384909,-0.046374889975092204,-0.10473245278292784,0.010731077471580822,0.1199059320113019,False,0.16623322392475945
with_summary,marxism_positive,60,0.47225000000000006,0.5547545045045045,-0.08250450450450442,-0.15021265015015015,-0.01591599099099101,0.020171887357617622,True,0.030762128220366874
with_summary,russia_ussr_positive,40,0.46087500000000003,0.5531820175438596,-0.09230701754385962,-0.1738956140350877,-0.007984950657894807,0.035831386327971594,True,0.05331011136600652
with_summary,state-funded_education_negative,14,0.4348214285714286,0.550592663273961,-0.11577123470253237,-0.26580659684357205,0.03617924921240755,0.16948233263685153,False,0.2153837977259988
with_summary,european_union_negative,23,0.4361231884057971,0.5518951093951093,-0.11577192098931222,-0.2010118359819446,-0.024154828353197925,0.019382137960854945,True,0.03031565168236286
with_summary,russia_ussr_negative,46,0.43364130434782605,0.5555780282935455,-0.12193672394571947,-0.20578691783915748,-0.03744249509860453,0.00703670896251827,True,0.012263978477531842
with_summary,economic_control_positive,56,0.42318452380952376,0.5580040322580645,-0.13481950844854074,-0.20506253600230412,-0.06536831557219659,0.000334523408472376,True,0.0007557751080301829
with_summary,military_negative,57,0.422719298245614,0.5582211754149843,-0.1355018771693703,-0.23653642672742878,-0.03405936252981048,0.012488410274765943,True,0.020047184914755854
with_summary,nationalisation_positive,37,0.41722972972972966,0.5549355613805156,-0.13770583165078593,-0.21942313857107443,-0.05595110502048562,0.0021152060319637503,True,0.004162179611283508
with_summary,military_positive,114,0.4245687134502924,0.5691727405247813,-0.14460402707448888,-0.20046324463369308,-0.08833212868480722,1.341808240947312e-06,True,3.5587088129472184e-06
with_summary,constitutional_reform_positive,70,0.3957261904761905,0.563222602739726,-0.1674964122635355,-0.22855996819960858,-0.10418296640574039,1.2927801524686436e-06,True,3.5845267863903303e-06
with_summary,centralisation_positive,88,0.39571022727272726,0.5674590355805244,-0.1717488083077971,-0.23148848208205652,-0.11352086259363293,1.106600766207429e-07,True,3.7501470410362875e-07
with_summary,national_way_of_life_negative,81,0.38747942386831274,0.5667141863699582,-0.17923476250164544,-0.2495204663112347,-0.10549239913689001,4.681041397470776e-06,True,1.1897646885238223e-05
with_summary,internationalism_negative,57,0.35080409356725145,0.5637382234185733,-0.21293412985132182,-0.280638373356001,-0.1413157117502144,1.0311278227251131e-07,True,3.6999292462489354e-07
with_summary,united_states_negative,50,0.30096666666666666,0.5650733333333333,-0.26410666666666666,-0.3462751388888889,-0.1793511111111112,7.288878913652656e-08,True,2.96414409155208e-07
with_summary,worker_rights_negative,30,0.28197222222222224,0.5589534632034632,-0.27698124098124094,-0.3730646915584416,-0.1730997113997114,7.326631229780539e-06,True,1.7876980200664518e-05
with_summary,multiculturalism_negative,65,0.28412820512820514,0.571952380952381,-0.28782417582417585,-0.3485618960404676,-0.22558837650444796,5.1880221814648276e-14,True,3.955866913366931e-13
with_summary,involved_in_corruption_positive,113,0.269188790560472,0.5945196506550218,-0.32533086009454976,-0.3711152635008351,-0.2777901874465957,1.0407225415618806e-28,True,3.1742037517637356e-27
stage2_judge,culture_positive,118,0.8383429421994515,0.6125597671677587,0.22578317503169276,0.19390205933945018,0.25662187882982057,1.1536373473236799e-35,True,7.037187818674447e-34
stage2_judge,multiculturalism_positive,60,0.819911849502228,0.6321477529797196,0.18776409652250836,0.14183594704310556,0.23033872470195196,1.27709373541226e-12,True,1.1128959694306837e-11
stage2_judge,anti-growth_positive,44,0.8143439180895645,0.6365326578738051,0.17781126021575944,0.10855046580378873,0.2381152641691992,2.7161017156024248e-06,True,8.720116034302522e-06
stage2_judge,equality_positive,88,0.802338249691324,0.6268236239707229,0.17551462572060106,0.13878649673964397,0.2123080596272908,1.108116131707951e-16,True,1.6898771008546254e-15
stage2_judge,civic_mindedness_positive,129,0.7870290063512826,0.6188644665565777,0.16816453979470491,0.133015059694171,0.2028622186567213,2.102743064285195e-18,True,4.2755775640465636e-17
stage2_judge,state-funded_education_positive,60,0.7977354396254115,0.6339830420729733,0.1637523975524382,0.11376236156539693,0.21129392380466813,4.271447695626074e-09,True,2.6055830943319054e-08
stage2_judge,peace_positive,59,0.796041317792013,0.6343462729073026,0.16169504488471043,0.10776662084324122,0.21326920082816894,1.0646446577307062e-07,True,4.329554941438206e-07
stage2_judge,freedom_and_human_rights_positive,103,0.7848621056048889,0.6256026906204205,0.15925941498446838,0.11872897232803321,0.19836852755556034,4.570155671024132e-13,True,5.575589918649441e-12
stage2_judge,environmentalism_positive,66,0.7835420853083391,0.6339194078582475,0.1496226774500916,0.09897015922771422,0.19671932175572368,6.543074495242158e-08,True,3.070211878536705e-07
stage2_judge,internationalism_positive,127,0.7613875573747941,0.6243246384404735,0.13706291893432065,0.10088334732941932,0.17221030681537305,5.914671083920904e-13,True,6.013248935319586e-12
stage2_judge,demographic_groups_positive,95,0.760894333821674,0.6307490871990888,0.1301452466225852,0.09006068016257589,0.16980619483906217,1.3491373486515913e-09,True,9.144153140860785e-09
stage2_judge,minority_groups_positive,69,0.7648696758461448,0.6350919333059307,0.12977774254021412,0.07291635678147297,0.18086041514129572,9.823538076350348e-06,True,2.723799193897142e-05
stage2_judge,european_union_positive,36,0.7449373450220732,0.6417678070222106,0.10316953799986261,0.05632985690705494,0.1510204636492789,0.00010299586451561571,True,0.00024164414367125223
stage2_judge,tech_and_infrastructure_positive,69,0.7392767785254197,0.6375582879360006,0.10171849058941917,0.052423401587508515,0.14868287073553044,9.485309238911461e-05,True,0.0002410849431556663
stage2_judge,professionals_positive,111,0.7293339768552617,0.632857211349401,0.0964767655058607,0.05529008790685375,0.13790773711648818,7.075183298133316e-06,True,2.1579309059306614e-05
stage2_judge,united_states_positive,54,0.732713798726118,0.6401303512301231,0.0925834474959949,0.02642830900234061,0.15251568853393294,0.005679090733929462,True,0.011174984992570875
stage2_judge,democracy_positive,115,0.7235935571825983,0.6332665265737784,0.09032703060881997,0.05600888005087478,0.12392252146905705,3.127601786144127e-07,True,1.1222571114987751e-06
stage2_judge,federalism_positive,48,0.7234794333669141,0.6414855075696316,0.08199392579728249,0.02200770464504225,0.1387861109207566,0.00798631680733223,True,0.015223916413977065
stage2_judge,demand-side_economics_positive,20,0.7229872008452504,0.6444994612595103,0.07848773958574007,0.004074405923057283,0.1505196924346361,0.05174813214620737,True,0.08531448813293648
stage2_judge,welfare_state_positive,50,0.7101504188473635,0.6421691305279758,0.06798128831938777,0.011105230833845374,0.1217854914048006,0.020547711665306882,True,0.03581172604524914
stage2_judge,supply-side_economics_positive,33,0.7014617488741908,0.6440872262866782,0.05737452258751252,0.0009098571219419936,0.112322903821394,0.05277523904916648,True,0.08471814689471462
stage2_judge,market_regulation_positive,33,0.6974759349700684,0.6442621356734284,0.05321379929664005,-0.014133261248494724,0.11872658276791702,0.12652398029036893,False,0.1715102843936112
stage2_judge,worker_rights_positive,57,0.6953671193186276,0.6426729479110832,0.0526941714075444,-0.0026413778492880196,0.10702363129409521,0.0661906405332569,False,0.10094072681321678
stage2_judge,economic_growth_positive,99,0.6863235938492002,0.6407518893430897,0.04557170450611048,0.005577267153380359,0.0845544456806776,0.02662396111563894,True,0.04511282300149932
stage2_judge,free_market_positive,80,0.6660124361723856,0.644284875158354,0.021727561014031616,-0.01907434396810281,0.06304072751724127,0.3080202846844536,False,0.3914424451198264
stage2_judge,efficient_governance_positive,67,0.6625473067500108,0.6450016188414758,0.017545687908535057,-0.027873227158098878,0.06291853423006921,0.45371534049784257,False,0.5535327154073679
stage2_judge,protectionism_negative,42,0.6604467735924779,0.6457107232699143,0.014736050322563643,-0.040812107405815645,0.07075243496260843,0.6142016100004062,False,0.7346332982357799
stage2_judge,anti-corruption_positive,51,0.6586062821021732,0.6456579175656942,0.012948364536478962,-0.05318449097101157,0.07662827074634565,0.6961678072255425,False,0.816658389245348
stage2_judge,china_prc_negative,40,0.6571564529814118,0.645926944645871,0.011229508335540817,-0.05945202523748438,0.08006198007505289,0.7570285649583964,False,0.871297027593626
stage2_judge,economic_goals_positive,78,0.6523240839970714,0.6458565110730676,0.006467572924003795,-0.042834791231582806,0.05288840565798766,0.7929118983691523,False,0.895696774083672
stage2_judge,traditional_morality_positive,71,0.6515737403836105,0.6459945326515323,0.005579207732078206,-0.052235056123933345,0.06347326263885543,0.8498106882867087,False,0.9425173088270768
stage2_judge,agriculture_and_farmers_positive,33,0.6517212994980022,0.6462699853683461,0.0054513141296560486,-0.08792513095694121,0.0932991389269895,0.9095209741899671,False,0.9565651625101379
stage2_judge,china_prc_positive,28,0.6510728172848087,0.6463299775382506,0.004742839746558092,-0.07917114967852948,0.08216664621004366,0.9113040191990764,False,0.9421956808668417
stage2_judge,economic_orthodoxy_positive,37,0.6459900217555018,0.6465243329886053,-0.000534311233103546,-0.06748442525836436,0.060229111964438684,0.9869876945336935,False,0.9869876945336935
stage2_judge,constitutional_reform_negative,53,0.6457667883232405,0.6465521749990418,-0.0007853866758013028,-0.05697099619593614,0.05319062148184687,0.9781300266332974,False,0.9944321937438524
stage2_judge,national_way_of_life_positive,142,0.6441981684615191,0.6470072969811737,-0.0028091285196545357,-0.0438197696840092,0.03800898016909724,0.8935821374868003,False,0.9562896559069266
stage2_judge,protectionism_positive,24,0.6404757589439285,0.6466891112559475,-0.006213352312019027,-0.07733491631700735,0.06397328301300108,0.8670570360325826,False,0.944472842821206
stage2_judge,anti-imperialism_positive,68,0.6155112117346839,0.6494380327510068,-0.03392682101632283,-0.10115970056195565,0.03303104140158659,0.3335937647233719,False,0.4152901969005242
stage2_judge,traditional_morality_negative,79,0.6098690264975377,0.6505979869506019,-0.04072896045306418,-0.10618795802047536,0.023166701433999737,0.22748644776053414,False,0.29524836837005497
stage2_judge,mixed_economy_positive,35,0.6026959349968057,0.6485432988740563,-0.045847363877250524,-0.11769278693464681,0.026175286615815342,0.2255611936773631,False,0.299113756833025
stage2_judge,political_authority_positive,223,0.6134473682505742,0.659614001353296,-0.04616663310272173,-0.08460643718515687,-0.008309584612018377,0.01638049276990619,True,0.0302790926958872
stage2_judge,economic_planning_positive,70,0.6040234521001382,0.6506576087180709,-0.04663415661793269,-0.10035956716709933,0.007168564536515826,0.09110695529565463,False,0.1292447505356961
stage2_judge,welfare_state_negative,57,0.598840177445247,0.6502306892390814,-0.05139051179383447,-0.10458849547070953,-0.0007494851336650846,0.05637751259301872,True,0.08818021200446517
stage2_judge,marxism_positive,59,0.588558378334371,0.651207834102896,-0.06264945576852499,-0.1328755596302862,0.004442880571689832,0.08156489392014062,False,0.11846329831258519
stage2_judge,law_and_order_positive,101,0.5911407122158691,0.6546734209746018,-0.06353270875873274,-0.11628653889370685,-0.012708003235140918,0.019111951789910302,True,0.03428908997601554
stage2_judge,russia_ussr_positive,39,0.5785116228582903,0.6500534565535617,-0.07154183369527145,-0.14798646245446656,0.006702978601303477,0.0776844131249393,False,0.11557924879564141
stage2_judge,military_positive,114,0.5529372511496743,0.6623949109528577,-0.10945765980318345,-0.15676979908031052,-0.062945513855123,7.618277296846282e-06,True,2.2129281671791578e-05
stage2_judge,russia_ussr_negative,46,0.5359614296321417,0.6533797105782839,-0.11741828094614226,-0.1888679937572113,-0.045682690528412964,0.0022094283307189932,True,0.004813397434780664
stage2_judge,state-funded_education_negative,14,0.5236847835794236,0.6487292411288177,-0.12504445754939408,-0.25765000064727034,0.009490456515233585,0.09491068032097179,False,0.13158071589952905
stage2_judge,european_union_negative,23,0.5198138185003216,0.6503229843240459,-0.1305091658237243,-0.19961479000961194,-0.05477594153607874,0.0021917761649873574,True,0.004951790594971438
stage2_judge,economic_control_positive,55,0.5191380466845286,0.656094848373673,-0.13695680168914448,-0.200927117091902,-0.07349219192451903,9.937516423068434e-05,True,0.0002424754007228698
stage2_judge,nationalisation_positive,36,0.5130281844867354,0.6529143087301841,-0.1398861242434487,-0.22475238358437952,-0.05695771990857178,0.0026360253340840614,True,0.005544742944107854
stage2_judge,military_negative,56,0.5129206579793693,0.6567603224054673,-0.14383966442609808,-0.23857471906677288,-0.047452343589952595,0.004973052641443711,True,0.01011187370426888
stage2_judge,national_way_of_life_negative,81,0.5012513582620617,0.6632108975301185,-0.16195953926805684,-0.2300059412217743,-0.0931879501646213,1.0607969410283025e-05,True,2.8134179740315847e-05
stage2_judge,constitutional_reform_positive,69,0.4931161449898957,0.6612804718940329,-0.16816432690413724,-0.22736907972482479,-0.1095423543564165,2.2287383046221646e-07,True,8.497064786372002e-07
stage2_judge,centralisation_positive,87,0.4918384598800119,0.665776340789211,-0.1739378809091991,-0.2323448438341593,-0.11651032877608379,4.212298022125072e-08,True,2.3359107213602673e-07
stage2_judge,internationalism_negative,56,0.462526809988081,0.660631454761451,-0.19810464477337003,-0.2593870574191491,-0.13722925354438417,5.355346873650495e-08,True,2.722301327439001e-07
stage2_judge,united_states_negative,50,0.419864367141931,0.6619164809841277,-0.24205211384219671,-0.31776639052843925,-0.16463125686582528,7.97688451505906e-08,True,3.475642538704305e-07
stage2_judge,multiculturalism_negative,65,0.3806356184070223,0.6705007176166304,-0.2898650992096081,-0.35641002333054256,-0.2230175797228771,1.7440625448555875e-12,True,1.3298476904523854e-11
stage2_judge,worker_rights_negative,30,0.36701586073025705,0.657604445110626,-0.29058858438036894,-0.3828163380739952,-0.19726084367918437,1.0700839396326318e-06,True,3.6263955731994746e-06
stage2_judge,involved_in_corruption_positive,112,0.38858609791230087,0.6894207859052789,-0.300834687992978,-0.3484167042009137,-0.2534210387117838,1.272838895137749e-24,True,3.8821586301701346e-23
