tag,bearers_in_sample,bearers_in_dataset
anti-imperialism_positive,68,377
military_positive,114,705
military_negative,57,282
peace_positive,59,432
internationalism_positive,128,847
european_union_positive,36,143
united_states_positive,54,225
russia_ussr_positive,40,152
china_prc_positive,29,71
internationalism_negative,57,150
european_union_negative,23,23
united_states_negative,50,154
russia_ussr_negative,46,183
china_prc_negative,40,40
freedom_and_human_rights_positive,103,814
democracy_positive,115,867
constitutional_reform_negative,53,278
constitutional_reform_positive,70,380
federalism_positive,50,195
centralisation_positive,88,602
efficient_governance_positive,67,291
anti-corruption_positive,52,249
involved_in_corruption_positive,113,522
political_authority_positive,226,1539
free_market_positive,80,205
supply-side_economics_positive,33,33
market_regulation_positive,33,88
economic_planning_positive,71,300
mixed_economy_positive,35,126
protectionism_positive,24,24
protectionism_negative,42,95
economic_goals_positive,79,329
demand-side_economics_positive,20,63
economic_growth_positive,99,383
tech_and_infrastructure_positive,69,265
economic_control_positive,56,267
nationalisation_positive,37,134
economic_orthodoxy_positive,37,93
marxism_positive,60,245
anti-growth_positive,44,44
environmentalism_positive,66,184
culture_positive,118,1082
equality_positive,88,768
welfare_state_positive,50,236
welfare_state_negative,57,57
state-funded_education_positive,61,267
state-funded_education_negative,14,14
national_way_of_life_positive,143,1234
national_way_of_life_negative,81,343
traditional_morality_positive,71,350
traditional_morality_negative,79,347
law_and_order_positive,102,659
civic_mindedness_positive,129,1219
multiculturalism_positive,60,395
multiculturalism_negative,65,248
worker_rights_positive,58,268
worker_rights_negative,30,64
agriculture_and_farmers_positive,33,69
professionals_positive,112,726
minority_groups_positive,69,475
demographic_groups_positive,97,849
