tag,diff,n_bearers,ridge_weight,rank_marginal,rank_partial,rank_shift
culture_positive,0.20267206547788985,118,0.11990721705634133,1.0,1.0,0.0
peace_positive,0.16222592332865826,58,0.07880138758175302,8.0,2.0,6.0
state-funded_education_positive,0.18506282231598692,60,0.06365712564714468,5.0,3.0,2.0
european_union_negative,-0.08691857029373018,23,0.06109268114123361,48.0,4.0,44.0
civic_mindedness_positive,0.17943444739244563,127,0.05854832082172524,6.0,5.0,1.0
equality_positive,0.19320463185274128,85,0.0577233958995758,4.0,6.0,-2.0
china_prc_positive,0.03143149554572855,28,0.05067487740441608,33.0,7.0,26.0
demographic_groups_positive,0.13055547106785348,92,0.04770203612417517,12.0,8.0,4.0
internationalism_positive,0.16408786742108517,122,0.047510554533290374,7.0,9.0,-2.0
tech_and_infrastructure_positive,0.12750828378545775,69,0.04583869728472917,13.0,10.0,3.0
mixed_economy_positive,0.0009709983178053383,35,0.04191936855523089,38.0,11.0,27.0
traditional_morality_positive,0.03437098185646936,68,0.039771618388218695,32.0,12.0,20.0
federalism_positive,0.08863451912150788,47,0.03728498811917596,19.0,13.0,6.0
multiculturalism_positive,0.19886281581286092,59,0.03350024561943775,2.0,14.0,-12.0
freedom_and_human_rights_positive,0.15530978153785535,101,0.032879172263260224,10.0,15.0,-5.0
professionals_positive,0.08030491537089912,109,0.029472816084045263,22.0,16.0,6.0
economic_growth_positive,0.07913072315416081,99,0.02617080987488935,23.0,17.0,6.0
market_regulation_positive,0.08669323691926034,32,0.02610409319552902,20.0,18.0,2.0
constitutional_reform_negative,0.04780523510450052,53,0.025317069005283167,28.0,19.0,9.0
european_union_positive,0.11732435623705995,35,0.024785801806919493,14.0,20.0,-6.0
worker_rights_positive,0.08561501507310842,58,0.018791720463604427,21.0,21.0,0.0
united_states_positive,0.09393205488691525,53,0.018120568401740676,18.0,22.0,-4.0
agriculture_and_farmers_positive,0.05482362849571498,32,0.017635880647828773,27.0,23.0,4.0
protectionism_negative,0.0461890881181003,42,0.01721455755899286,29.0,24.0,5.0
free_market_positive,0.04314474794983114,80,0.015450383656646027,30.0,25.0,5.0
russia_ussr_positive,-0.05965025968741766,38,0.014917796401543093,46.0,26.0,20.0
democracy_positive,0.10960369202284581,113,0.014071911028996822,16.0,27.0,-11.0
anti-imperialism_positive,-0.028407049215560032,66,0.012374926850363016,43.0,28.0,15.0
china_prc_negative,-0.005950970536847011,38,0.01189166749466929,39.0,29.0,10.0
anti-corruption_positive,0.06278573282786726,47,0.009393366509695631,25.0,30.0,-5.0
anti-growth_positive,0.19488338817190554,43,0.00928924281594441,3.0,31.0,-28.0
national_way_of_life_positive,0.015755013772545512,140,0.004936548422347061,36.0,32.0,4.0
economic_planning_positive,0.009577875586854523,71,0.004873084595892151,37.0,33.0,4.0
law_and_order_positive,-0.017470598194701314,98,0.0033120020836985503,42.0,34.0,8.0
efficient_governance_positive,0.057697794761985555,67,0.00022028220682933028,26.0,35.0,-9.0
welfare_state_negative,-0.015463137009189554,57,-0.000432400288278724,40.0,36.0,4.0
welfare_state_positive,0.09539172445677302,50,-0.002123557821912854,17.0,37.0,-20.0
state-funded_education_negative,-0.07613333840741487,13,-0.002917283311898063,47.0,38.0,9.0
economic_goals_positive,0.03518068446922906,77,-0.004689011788913238,31.0,39.0,-8.0
environmentalism_positive,0.15630410920556337,64,-0.004774461721906921,9.0,40.0,-31.0
centralisation_positive,-0.1217744883040936,87,-0.008693833096051134,53.0,41.0,12.0
protectionism_positive,0.019124414323962502,24,-0.009568582639572231,35.0,42.0,-7.0
economic_control_positive,-0.0950513444888445,56,-0.011846136447683073,49.0,43.0,6.0
marxism_positive,-0.05884921472105009,60,-0.012015059317936783,45.0,44.0,1.0
minority_groups_positive,0.144790404040404,66,-0.012671248470560585,11.0,45.0,-34.0
economic_orthodoxy_positive,0.024816705329307576,37,-0.01620706127480755,34.0,46.0,-12.0
political_authority_positive,-0.016656495955025274,221,-0.017383026573793505,41.0,47.0,-6.0
supply-side_economics_positive,0.06439450398291857,33,-0.020984913435430772,24.0,48.0,-24.0
demand-side_economics_positive,0.11329438526409219,20,-0.025108139526970816,15.0,49.0,-34.0
nationalisation_positive,-0.09986018545793746,37,-0.0332617918328192,50.0,50.0,0.0
russia_ussr_negative,-0.10704013621059077,45,-0.043997147821717236,51.0,51.0,0.0
traditional_morality_negative,-0.03276954526954523,78,-0.052957166577381,44.0,52.0,-8.0
military_positive,-0.11837163469977918,109,-0.061140267410570326,52.0,53.0,-1.0
constitutional_reform_positive,-0.15034516416067406,65,-0.06906742223904418,55.0,54.0,1.0
military_negative,-0.13587473283579476,53,-0.0725572926883469,54.0,55.0,-1.0
internationalism_negative,-0.21259828381581175,55,-0.07693487897498015,57.0,56.0,1.0
united_states_negative,-0.2192341403320331,49,-0.08341286001152408,58.0,57.0,1.0
national_way_of_life_negative,-0.18311860533889412,79,-0.09063467458637525,56.0,58.0,-2.0
multiculturalism_negative,-0.24129672398043378,64,-0.10351347712465478,59.0,59.0,0.0
worker_rights_negative,-0.24420209176788127,30,-0.11915065890340672,60.0,60.0,0.0
involved_in_corruption_positive,-0.2534604212055192,108,-0.12107127469327254,61.0,61.0,0.0
