arm,tag,ridge_weight,alpha,r2
name_only,anti-imperialism_positive,0.012374926850363016,228.54638641349885,0.4473888813187148
name_only,military_positive,-0.061140267410570326,228.54638641349885,0.4473888813187148
name_only,military_negative,-0.0725572926883469,228.54638641349885,0.4473888813187148
name_only,peace_positive,0.07880138758175302,228.54638641349885,0.4473888813187148
name_only,internationalism_positive,0.047510554533290374,228.54638641349885,0.4473888813187148
name_only,european_union_positive,0.024785801806919493,228.54638641349885,0.4473888813187148
name_only,united_states_positive,0.018120568401740676,228.54638641349885,0.4473888813187148
name_only,russia_ussr_positive,0.014917796401543093,228.54638641349885,0.4473888813187148
name_only,china_prc_positive,0.05067487740441608,228.54638641349885,0.4473888813187148
name_only,internationalism_negative,-0.07693487897498015,228.54638641349885,0.4473888813187148
name_only,european_union_negative,0.06109268114123361,228.54638641349885,0.4473888813187148
name_only,united_states_negative,-0.08341286001152408,228.54638641349885,0.4473888813187148
name_only,russia_ussr_negative,-0.043997147821717236,228.54638641349885,0.4473888813187148
name_only,china_prc_negative,0.01189166749466929,228.54638641349885,0.4473888813187148
name_only,freedom_and_human_rights_positive,0.032879172263260224,228.54638641349885,0.4473888813187148
name_only,democracy_positive,0.014071911028996822,228.54638641349885,0.4473888813187148
name_only,constitutional_reform_negative,0.025317069005283167,228.54638641349885,0.4473888813187148
name_only,constitutional_reform_positive,-0.06906742223904418,228.54638641349885,0.4473888813187148
name_only,federalism_positive,0.03728498811917596,228.54638641349885,0.4473888813187148
name_only,centralisation_positive,-0.008693833096051134,228.54638641349885,0.4473888813187148
name_only,efficient_governance_positive,0.00022028220682933028,228.54638641349885,0.4473888813187148
name_only,anti-corruption_positive,0.009393366509695631,228.54638641349885,0.4473888813187148
name_only,involved_in_corruption_positive,-0.12107127469327254,228.54638641349885,0.4473888813187148
name_only,political_authority_positive,-0.017383026573793505,228.54638641349885,0.4473888813187148
name_only,free_market_positive,0.015450383656646027,228.54638641349885,0.4473888813187148
name_only,supply-side_economics_positive,-0.020984913435430772,228.54638641349885,0.4473888813187148
name_only,market_regulation_positive,0.02610409319552902,228.54638641349885,0.4473888813187148
name_only,economic_planning_positive,0.004873084595892151,228.54638641349885,0.4473888813187148
name_only,mixed_economy_positive,0.04191936855523089,228.54638641349885,0.4473888813187148
name_only,protectionism_positive,-0.009568582639572231,228.54638641349885,0.4473888813187148
name_only,protectionism_negative,0.01721455755899286,228.54638641349885,0.4473888813187148
name_only,economic_goals_positive,-0.004689011788913238,228.54638641349885,0.4473888813187148
name_only,demand-side_economics_positive,-0.025108139526970816,228.54638641349885,0.4473888813187148
name_only,economic_growth_positive,0.02617080987488935,228.54638641349885,0.4473888813187148
name_only,tech_and_infrastructure_positive,0.04583869728472917,228.54638641349885,0.4473888813187148
name_only,economic_control_positive,-0.011846136447683073,228.54638641349885,0.4473888813187148
name_only,nationalisation_positive,-0.0332617918328192,228.54638641349885,0.4473888813187148
name_only,economic_orthodoxy_positive,-0.01620706127480755,228.54638641349885,0.4473888813187148
name_only,marxism_positive,-0.012015059317936783,228.54638641349885,0.4473888813187148
name_only,anti-growth_positive,0.00928924281594441,228.54638641349885,0.4473888813187148
name_only,environmentalism_positive,-0.004774461721906921,228.54638641349885,0.4473888813187148
name_only,culture_positive,0.11990721705634133,228.54638641349885,0.4473888813187148
name_only,equality_positive,0.0577233958995758,228.54638641349885,0.4473888813187148
name_only,welfare_state_positive,-0.002123557821912854,228.54638641349885,0.4473888813187148
name_only,welfare_state_negative,-0.000432400288278724,228.54638641349885,0.4473888813187148
name_only,state-funded_education_positive,0.06365712564714468,228.54638641349885,0.4473888813187148
name_only,state-funded_education_negative,-0.002917283311898063,228.54638641349885,0.4473888813187148
name_only,national_way_of_life_positive,0.004936548422347061,228.54638641349885,0.4473888813187148
name_only,national_way_of_life_negative,-0.09063467458637525,228.54638641349885,0.4473888813187148
name_only,traditional_morality_positive,0.039771618388218695,228.54638641349885,0.4473888813187148
name_only,traditional_morality_negative,-0.052957166577381,228.54638641349885,0.4473888813187148
name_only,law_and_order_positive,0.0033120020836985503,228.54638641349885,0.4473888813187148
name_only,civic_mindedness_positive,0.05854832082172524,228.54638641349885,0.4473888813187148
name_only,multiculturalism_positive,0.03350024561943775,228.54638641349885,0.4473888813187148
name_only,multiculturalism_negative,-0.10351347712465478,228.54638641349885,0.4473888813187148
name_only,worker_rights_positive,0.018791720463604427,228.54638641349885,0.4473888813187148
name_only,worker_rights_negative,-0.11915065890340672,228.54638641349885,0.4473888813187148
name_only,agriculture_and_farmers_positive,0.017635880647828773,228.54638641349885,0.4473888813187148
name_only,professionals_positive,0.029472816084045263,228.54638641349885,0.4473888813187148
name_only,minority_groups_positive,-0.012671248470560585,228.54638641349885,0.4473888813187148
name_only,demographic_groups_positive,0.04770203612417517,228.54638641349885,0.4473888813187148
with_summary,anti-imperialism_positive,0.01420432227871443,170.12542798525857,0.5252198645199604
with_summary,military_positive,-0.0796515279716002,170.12542798525857,0.5252198645199604
with_summary,military_negative,-0.07165712352329655,170.12542798525857,0.5252198645199604
with_summary,peace_positive,0.10459470028232759,170.12542798525857,0.5252198645199604
with_summary,internationalism_positive,0.05896712197347762,170.12542798525857,0.5252198645199604
with_summary,european_union_positive,0.032010622055561835,170.12542798525857,0.5252198645199604
with_summary,united_states_positive,0.04150308984703653,170.12542798525857,0.5252198645199604
with_summary,russia_ussr_positive,0.009289221352067365,170.12542798525857,0.5252198645199604
with_summary,china_prc_positive,0.03805313725911319,170.12542798525857,0.5252198645199604
with_summary,internationalism_negative,-0.049466842243112936,170.12542798525857,0.5252198645199604
with_summary,european_union_negative,0.04992615257574299,170.12542798525857,0.5252198645199604
with_summary,united_states_negative,-0.10616531549165871,170.12542798525857,0.5252198645199604
with_summary,russia_ussr_negative,-0.04249454027117432,170.12542798525857,0.5252198645199604
with_summary,china_prc_negative,0.0056253285829669835,170.12542798525857,0.5252198645199604
with_summary,freedom_and_human_rights_positive,0.0682899097566125,170.12542798525857,0.5252198645199604
with_summary,democracy_positive,0.02868109116130901,170.12542798525857,0.5252198645199604
with_summary,constitutional_reform_negative,0.013262250437299254,170.12542798525857,0.5252198645199604
with_summary,constitutional_reform_positive,-0.06601617626703687,170.12542798525857,0.5252198645199604
with_summary,federalism_positive,0.038002814809726324,170.12542798525857,0.5252198645199604
with_summary,centralisation_positive,-0.017098378708447676,170.12542798525857,0.5252198645199604
with_summary,efficient_governance_positive,-0.007843025614248699,170.12542798525857,0.5252198645199604
with_summary,anti-corruption_positive,0.013885032981689067,170.12542798525857,0.5252198645199604
with_summary,involved_in_corruption_positive,-0.17340298005101815,170.12542798525857,0.5252198645199604
with_summary,political_authority_positive,-0.0012937333492931032,170.12542798525857,0.5252198645199604
with_summary,free_market_positive,0.007665340515054925,170.12542798525857,0.5252198645199604
with_summary,supply-side_economics_positive,-0.01876494256866785,170.12542798525857,0.5252198645199604
with_summary,market_regulation_positive,0.045903215886312514,170.12542798525857,0.5252198645199604
with_summary,economic_planning_positive,-0.0009758349733456533,170.12542798525857,0.5252198645199604
with_summary,mixed_economy_positive,0.04714316107255329,170.12542798525857,0.5252198645199604
with_summary,protectionism_positive,-0.04391846075158036,170.12542798525857,0.5252198645199604
with_summary,protectionism_negative,-0.001829651441218281,170.12542798525857,0.5252198645199604
with_summary,economic_goals_positive,-0.002110803701787439,170.12542798525857,0.5252198645199604
with_summary,demand-side_economics_positive,-0.037626569482324734,170.12542798525857,0.5252198645199604
with_summary,economic_growth_positive,0.021493796505384837,170.12542798525857,0.5252198645199604
with_summary,tech_and_infrastructure_positive,0.06799469458409173,170.12542798525857,0.5252198645199604
with_summary,economic_control_positive,-0.022971347647059156,170.12542798525857,0.5252198645199604
with_summary,nationalisation_positive,-0.04027155081563832,170.12542798525857,0.5252198645199604
with_summary,economic_orthodoxy_positive,0.004075203736952669,170.12542798525857,0.5252198645199604
with_summary,marxism_positive,-0.014614796828777485,170.12542798525857,0.5252198645199604
with_summary,anti-growth_positive,-0.021775976083159013,170.12542798525857,0.5252198645199604
with_summary,environmentalism_positive,0.0034826473885183934,170.12542798525857,0.5252198645199604
with_summary,culture_positive,0.1594070007035662,170.12542798525857,0.5252198645199604
with_summary,equality_positive,0.06077632063900619,170.12542798525857,0.5252198645199604
with_summary,welfare_state_positive,0.021506172256091197,170.12542798525857,0.5252198645199604
with_summary,welfare_state_negative,-0.02307945030701938,170.12542798525857,0.5252198645199604
with_summary,state-funded_education_positive,0.054900633077899094,170.12542798525857,0.5252198645199604
with_summary,state-funded_education_negative,-0.002472391504635411,170.12542798525857,0.5252198645199604
with_summary,national_way_of_life_positive,0.016590176267391572,170.12542798525857,0.5252198645199604
with_summary,national_way_of_life_negative,-0.09501375433795714,170.12542798525857,0.5252198645199604
with_summary,traditional_morality_positive,0.02064041809371934,170.12542798525857,0.5252198645199604
with_summary,traditional_morality_negative,-0.0483927107857287,170.12542798525857,0.5252198645199604
with_summary,law_and_order_positive,-0.019414179127827568,170.12542798525857,0.5252198645199604
with_summary,civic_mindedness_positive,0.07352773839542336,170.12542798525857,0.5252198645199604
with_summary,multiculturalism_positive,0.03726527088000279,170.12542798525857,0.5252198645199604
with_summary,multiculturalism_negative,-0.12444560133757715,170.12542798525857,0.5252198645199604
with_summary,worker_rights_positive,0.005373202064516397,170.12542798525857,0.5252198645199604
with_summary,worker_rights_negative,-0.12490144236685341,170.12542798525857,0.5252198645199604
with_summary,agriculture_and_farmers_positive,0.00718455580188297,170.12542798525857,0.5252198645199604
with_summary,professionals_positive,0.06458269118926561,170.12542798525857,0.5252198645199604
with_summary,minority_groups_positive,-0.014789617027732148,170.12542798525857,0.5252198645199604
with_summary,demographic_groups_positive,0.060969298845788535,170.12542798525857,0.5252198645199604
stage2_judge,anti-imperialism_positive,0.02006454311012356,170.12542798525857,0.4745921496482429
stage2_judge,military_positive,-0.04211831341700899,170.12542798525857,0.4745921496482429
stage2_judge,military_negative,-0.07404706715651739,170.12542798525857,0.4745921496482429
stage2_judge,peace_positive,0.08278263680582067,170.12542798525857,0.4745921496482429
stage2_judge,internationalism_positive,0.036163814934331504,170.12542798525857,0.4745921496482429
stage2_judge,european_union_positive,0.030130292326829816,170.12542798525857,0.4745921496482429
stage2_judge,united_states_positive,0.02596949459223815,170.12542798525857,0.4745921496482429
stage2_judge,russia_ussr_positive,0.018368181397937805,170.12542798525857,0.4745921496482429
stage2_judge,china_prc_positive,0.044714016004192565,170.12542798525857,0.4745921496482429
stage2_judge,internationalism_negative,-0.04497941028209568,170.12542798525857,0.4745921496482429
stage2_judge,european_union_negative,0.03860129903950688,170.12542798525857,0.4745921496482429
stage2_judge,united_states_negative,-0.09390450882579088,170.12542798525857,0.4745921496482429
stage2_judge,russia_ussr_negative,-0.04838100647850997,170.12542798525857,0.4745921496482429
stage2_judge,china_prc_negative,0.028503201457802524,170.12542798525857,0.4745921496482429
stage2_judge,freedom_and_human_rights_positive,0.04447717758115636,170.12542798525857,0.4745921496482429
stage2_judge,democracy_positive,0.013548631894263856,170.12542798525857,0.4745921496482429
stage2_judge,constitutional_reform_negative,0.0039778414073322645,170.12542798525857,0.4745921496482429
stage2_judge,constitutional_reform_positive,-0.07004734088743139,170.12542798525857,0.4745921496482429
stage2_judge,federalism_positive,0.03767695731093201,170.12542798525857,0.4745921496482429
stage2_judge,centralisation_positive,-0.024325861378608066,170.12542798525857,0.4745921496482429
stage2_judge,efficient_governance_positive,-0.01243680722118395,170.12542798525857,0.4745921496482429
stage2_judge,anti-corruption_positive,0.0007467067103708459,170.12542798525857,0.4745921496482429
stage2_judge,involved_in_corruption_positive,-0.1578820446176724,170.12542798525857,0.4745921496482429
stage2_judge,political_authority_positive,-0.020393937537904243,170.12542798525857,0.4745921496482429
stage2_judge,free_market_positive,0.007660991811964396,170.12542798525857,0.4745921496482429
stage2_judge,supply-side_economics_positive,-0.015700471239655598,170.12542798525857,0.4745921496482429
stage2_judge,market_regulation_positive,0.02975241314181124,170.12542798525857,0.4745921496482429
stage2_judge,economic_planning_positive,-0.018649062578566123,170.12542798525857,0.4745921496482429
stage2_judge,mixed_economy_positive,0.034518083016272634,170.12542798525857,0.4745921496482429
stage2_judge,protectionism_positive,0.0045521609553315825,170.12542798525857,0.4745921496482429
stage2_judge,protectionism_negative,0.011713710479863783,170.12542798525857,0.4745921496482429
stage2_judge,economic_goals_positive,-0.004902548648011372,170.12542798525857,0.4745921496482429
stage2_judge,demand-side_economics_positive,-0.03568115409330589,170.12542798525857,0.4745921496482429
stage2_judge,economic_growth_positive,0.02521696870925798,170.12542798525857,0.4745921496482429
stage2_judge,tech_and_infrastructure_positive,0.03052483855919106,170.12542798525857,0.4745921496482429
stage2_judge,economic_control_positive,-0.005082983024459569,170.12542798525857,0.4745921496482429
stage2_judge,nationalisation_positive,-0.03368492278526603,170.12542798525857,0.4745921496482429
stage2_judge,economic_orthodoxy_positive,-0.017687844011277352,170.12542798525857,0.4745921496482429
stage2_judge,marxism_positive,-0.007755959031177808,170.12542798525857,0.4745921496482429
stage2_judge,anti-growth_positive,-0.012324914632363548,170.12542798525857,0.4745921496482429
stage2_judge,environmentalism_positive,-0.0031471201311522147,170.12542798525857,0.4745921496482429
stage2_judge,culture_positive,0.14758938450549883,170.12542798525857,0.4745921496482429
stage2_judge,equality_positive,0.05003352330014325,170.12542798525857,0.4745921496482429
stage2_judge,welfare_state_positive,0.008061757965965819,170.12542798525857,0.4745921496482429
stage2_judge,welfare_state_negative,-0.006929660646660861,170.12542798525857,0.4745921496482429
stage2_judge,state-funded_education_positive,0.04517123968031677,170.12542798525857,0.4745921496482429
stage2_judge,state-funded_education_negative,0.006897243287424207,170.12542798525857,0.4745921496482429
stage2_judge,national_way_of_life_positive,0.015031707152484128,170.12542798525857,0.4745921496482429
stage2_judge,national_way_of_life_negative,-0.0822577406255596,170.12542798525857,0.4745921496482429
stage2_judge,traditional_morality_positive,0.04212080730374425,170.12542798525857,0.4745921496482429
stage2_judge,traditional_morality_negative,-0.05489812078540022,170.12542798525857,0.4745921496482429
stage2_judge,law_and_order_positive,-0.014975714109239611,170.12542798525857,0.4745921496482429
stage2_judge,civic_mindedness_positive,0.06800389525097664,170.12542798525857,0.4745921496482429
stage2_judge,multiculturalism_positive,0.020751761842560047,170.12542798525857,0.4745921496482429
stage2_judge,multiculturalism_negative,-0.13837125500893635,170.12542798525857,0.4745921496482429
stage2_judge,worker_rights_positive,0.008106905801815249,170.12542798525857,0.4745921496482429
stage2_judge,worker_rights_negative,-0.13060326135618802,170.12542798525857,0.4745921496482429
stage2_judge,agriculture_and_farmers_positive,0.0019048669066770486,170.12542798525857,0.4745921496482429
stage2_judge,professionals_positive,0.052481196271320966,170.12542798525857,0.4745921496482429
stage2_judge,minority_groups_positive,-0.016597454838662363,170.12542798525857,0.4745921496482429
stage2_judge,demographic_groups_positive,0.05571939648474803,170.12542798525857,0.4745921496482429
