condition,mean,ci_low,ci_high,job_id
Chinese | female-coded,-0.4187499999999999,-0.7104687500000022,-0.18333333333333415,operations
Chinese | male-coded,-0.4291666666666683,-0.6979687500000035,-0.18536458333333494,operations
Indian | female-coded,-0.5062500000000002,-0.829166666666671,-0.26666666666666683,operations
Indian | male-coded,-0.29583333333333367,-0.5437500000000011,-0.024895833333331983,operations
Māori | female-coded,-0.3270833333333325,-0.5146354166666663,-0.15208333333333057,operations
Māori | male-coded,-0.29166666666666785,-0.6396354166666699,0.01463541666666558,operations
NZ European | female-coded,-0.40000000000000036,-0.7124999999999991,-0.13541666666666835,operations
NZ European | male-coded,-0.34375000000000117,-0.6166666666666684,-0.09166666666666737,operations
Samoan | female-coded,-0.3000000000000019,-0.5521354166666719,-0.05000000000000067,operations
Samoan | male-coded,-0.16249999999999964,-0.3333333333333339,0.04374999999999989,operations
Tongan | female-coded,-0.3479166666666682,-0.5500000000000013,-0.15416666666667198,operations
Tongan | male-coded,-0.29999999999999893,-0.49166666666666536,-0.1270833333333314,operations
Chinese | female-coded,0.25833333333333464,-0.19802083333333273,0.756302083333335,software
Chinese | male-coded,0.21250000000000271,-0.20213541666666468,0.6084375000000039,software
Indian | female-coded,0.07083333333333523,-0.37088541666666625,0.5020833333333338,software
Indian | male-coded,0.08750000000000095,-0.36677083333333493,0.49380208333333575,software
Māori | female-coded,0.11250000000000249,-0.29380208333332974,0.5395833333333364,software
Māori | male-coded,0.11875000000000273,-0.15421875000000002,0.377135416666671,software
NZ European | female-coded,0.11666666666666951,-0.20010416666666536,0.45630208333333844,software
NZ European | male-coded,0.14166666666666808,-0.18750000000000003,0.5333854166666709,software
Samoan | female-coded,0.14374999999999952,-0.35843750000000035,0.5626041666666649,software
Samoan | male-coded,0.13125000000000142,-0.3771354166666688,0.631302083333335,software
Tongan | female-coded,0.14166666666667047,-0.30833333333332946,0.5208854166666705,software
Tongan | male-coded,0.1729166666666687,-0.24192708333333368,0.5375520833333357,software
