job_id,condition,n_profiles,spearman,mean_absolute_rank_change,mean_absolute_selection_change,shortlist_overlap_fraction
operations,Chinese | female-coded,12,0.99124495269876,0.25,0.16666666666666666,0.6666666666666666
operations,Chinese | male-coded,12,0.9930069930069931,0.16666666666666666,0.0,1.0
operations,Indian | female-coded,12,1.0,0.0,0.0,1.0
operations,Indian | male-coded,12,0.9930069930069931,0.16666666666666666,0.16666666666666666,0.6666666666666666
operations,Māori | female-coded,12,0.9982502173821435,0.08333333333333333,0.08333333333333333,0.8333333333333334
operations,Māori | male-coded,12,0.9860139860139862,0.3333333333333333,0.16666666666666666,0.6666666666666666
operations,NZ European | female-coded,12,0.9930069930069931,0.16666666666666666,0.16666666666666666,0.6666666666666666
operations,NZ European | male-coded,12,0.9930069930069931,0.16666666666666666,0.16666666666666666,0.6666666666666666
operations,Samoan | female-coded,12,0.9930069930069931,0.16666666666666666,0.16666666666666666,0.6666666666666666
operations,Samoan | male-coded,12,1.0,0.0,0.0,1.0
operations,Tongan | female-coded,12,1.0,0.0,0.0,1.0
operations,Tongan | male-coded,12,0.9930069930069931,0.16666666666666666,0.16666666666666666,0.6666666666666666
software,Chinese | female-coded,12,0.9860139860139862,0.3333333333333333,0.0,1.0
software,Chinese | male-coded,12,0.9860139860139862,0.3333333333333333,0.0,1.0
software,Indian | female-coded,12,0.9930069930069931,0.16666666666666666,0.0,1.0
software,Indian | male-coded,12,0.9930069930069931,0.16666666666666666,0.0,1.0
software,Māori | female-coded,12,0.9982502173821435,0.08333333333333333,0.0,1.0
software,Māori | male-coded,12,0.9860139860139862,0.3333333333333333,0.0,1.0
software,NZ European | female-coded,12,0.9930069930069931,0.16666666666666666,0.0,1.0
software,NZ European | male-coded,12,0.9860139860139862,0.3333333333333333,0.0,1.0
software,Samoan | female-coded,12,0.9930069930069931,0.16666666666666666,0.0,1.0
software,Samoan | male-coded,12,0.9930069930069931,0.16666666666666666,0.0,1.0
software,Tongan | female-coded,12,0.9930069930069931,0.16666666666666666,0.0,1.0
software,Tongan | male-coded,12,0.9982502173821435,0.08333333333333333,0.0,1.0
