condition,mean,ci_low,ci_high
Chinese | female-coded,64.09479166666667,58.805729166666666,69.49869791666664
Chinese | male-coded,64.06666666666666,58.72669270833333,69.53994791666668
Indian | female-coded,63.957291666666656,58.620703124999984,69.48872395833331
Indian | male-coded,64.07083333333333,58.68015625000001,69.55356770833332
Māori | female-coded,64.06770833333333,58.686354166666675,69.55390624999998
Māori | male-coded,64.08854166666667,58.71971354166667,69.65140625000001
NZ European | female-coded,64.03333333333335,58.71486979166666,69.50421874999999
NZ European | male-coded,64.07395833333332,58.791536458333326,69.51177083333333
No name,64.17500000000001,58.87494791666666,69.70453124999999
Samoan | female-coded,64.09687499999998,58.70242187499998,69.57934895833333
Samoan | male-coded,64.159375,58.82984374999999,69.60854166666667
Tongan | female-coded,64.07187499999999,58.73190104166666,69.56729166666668
Tongan | male-coded,64.11145833333333,58.652604166666656,69.65752604166666
