job_id,profile_id,Chinese | female-coded,Chinese | male-coded,Indian | female-coded,Indian | male-coded,Māori | female-coded,Māori | male-coded,NZ European | female-coded,NZ European | male-coded,Samoan | female-coded,Samoan | male-coded,Tongan | female-coded,Tongan | male-coded
operations,operations-00000,-0.5,-0.6749999999999972,-0.625,-0.7999999999999972,-0.6999999999999957,-0.625,-0.5999999999999943,-0.625,-0.6999999999999957,-0.5,-0.6749999999999972,-0.4749999999999943
operations,operations-00001,0.19999999999999574,0.29999999999999716,0.04999999999999716,0.2749999999999915,0.1249999999999929,0.14999999999999147,0.09999999999999432,0.09999999999999432,0.09999999999999432,0.1249999999999929,0.14999999999999147,0.09999999999999432
operations,operations-00002,-0.5999999999999943,-0.4000000000000057,-0.20000000000000284,-0.42499999999999716,-0.5499999999999972,-0.5250000000000057,-0.625,-0.32500000000000284,-0.45000000000000284,-0.19999999999998863,-0.2750000000000057,-0.32500000000000284
operations,operations-00003,-1.7250000000000085,-1.5500000000000114,-2.0500000000000114,-1.1750000000000114,-1.0250000000000057,-1.8000000000000114,-1.8500000000000085,-1.5750000000000028,-1.0500000000000114,-0.7000000000000028,-1.1500000000000057,-0.07500000000000284
operations,operations-00004,-0.7249999999999943,-0.7000000000000028,-0.625,-0.4000000000000057,-0.125,-0.15000000000000568,-0.22499999999999432,-0.625,-0.15000000000000568,-0.2750000000000057,-0.75,-0.25
operations,operations-00005,-0.19999999999998863,-0.3499999999999943,-0.12499999999998579,-0.32499999999998863,-0.17499999999998295,-0.22499999999999432,-0.3749999999999858,-0.22499999999999432,-0.14999999999999147,-0.32499999999998863,-0.2749999999999915,-0.5249999999999915
operations,operations-00006,-0.6000000000000014,-0.7749999999999986,-0.5249999999999986,-0.42500000000000426,-0.6750000000000043,-0.875,-0.625,-0.4750000000000014,-0.8250000000000028,-0.2749999999999986,-0.6000000000000014,-0.625
operations,operations-00007,-0.22499999999999432,-0.3499999999999943,-0.29999999999998295,-0.07499999999998863,-0.2499999999999858,0.5000000000000142,0.17500000000001137,0.5250000000000057,0.2750000000000057,0.10000000000000853,-0.024999999999991473,1.4210854715202004e-14
operations,operations-00008,-0.4750000000000014,-0.5750000000000028,-0.32500000000000284,-0.29999999999999716,-0.22500000000000142,-0.125,-0.45000000000000284,-0.25,-0.3999999999999986,-0.29999999999999716,-0.25,-0.04999999999999716
operations,operations-00009,-0.025000000000005684,0.04999999999999716,-0.2500000000000071,0.7249999999999943,-0.05000000000000426,0.44999999999999574,0.2749999999999915,-0.05000000000000426,0.44999999999999574,0.6999999999999957,0.024999999999991473,-0.025000000000005684
operations,operations-00010,-0.20000000000000284,-0.20000000000000284,-0.375,-0.09999999999999432,-0.025000000000005684,-0.17499999999999716,-0.30000000000001137,-0.32500000000000284,-0.025000000000005684,-0.15000000000000568,-0.20000000000000284,-0.25
operations,operations-00011,0.04999999999999716,0.07499999999999574,-0.7250000000000085,-0.5250000000000057,-0.25,-0.10000000000000142,-0.30000000000000426,-0.2750000000000057,-0.6750000000000043,-0.15000000000000568,-0.15000000000000568,-1.1000000000000014
software,software-00000,2.0,1.2250000000000014,1.5249999999999986,0.9249999999999972,1.6000000000000014,0.22500000000000142,1.3999999999999986,1.8000000000000043,1.1999999999999957,2.1499999999999986,1.4499999999999957,0.9999999999999929
software,software-00001,0.25,0.5500000000000114,-0.5749999999999886,0.2750000000000057,0.15000000000000568,0.9250000000000114,0.15000000000000568,0.125,-0.29999999999999716,-0.125,0.15000000000000568,0.15000000000000568
software,software-00002,0.10000000000000142,-0.10000000000000142,0.2749999999999986,0.14999999999999858,0.17500000000000426,0.4750000000000014,0.02499999999999858,0.5249999999999986,0.8499999999999872,0.6000000000000014,0.5500000000000043,0.6000000000000014
software,software-00003,-0.7749999999999986,0.30000000000000426,-0.75,0.125,-0.7249999999999943,-0.44999999999999574,-0.6999999999999957,-0.6749999999999972,0.45000000000000284,0.0,-0.2749999999999986,0.15000000000000568
software,software-00004,-1.0750000000000028,-0.45000000000000284,-0.20000000000000284,-0.8500000000000085,-0.025000000000005684,-0.25,-0.22500000000000853,-0.6750000000000114,-0.5250000000000057,-0.8000000000000114,-0.09999999999999432,-0.375
software,software-00005,0.0,0.0,0.0,0.0,0.0,-0.15000000000000568,-0.04999999999999716,-0.04999999999999716,-0.04999999999999716,0.0,0.0,0.0
software,software-00006,0.125,0.3500000000000014,0.25,0.17500000000000426,0.20000000000000284,0.25,0.2750000000000057,0.25,0.17500000000000426,0.15000000000000568,0.30000000000000426,0.20000000000000284
software,software-00007,-0.29999999999999716,-0.42499999999999716,-0.125,-0.22500000000000142,-0.5249999999999986,-0.125,-0.6499999999999986,-0.3500000000000014,-0.14999999999999858,-0.25,-0.04999999999999716,-0.32500000000000284
software,software-00008,0.6500000000000057,0.875,1.2000000000000028,0.875,1.1500000000000057,0.4750000000000085,0.8000000000000114,0.45000000000000284,1.0499999999999972,0.7750000000000057,0.4750000000000085,0.9000000000000057
software,software-00009,0.02499999999999858,-1.3249999999999957,-1.3500000000000014,-1.6749999999999972,-1.1749999999999972,-0.7749999999999986,-0.3999999999999986,-0.02499999999999858,-1.8500000000000014,-1.7249999999999943,-1.7749999999999986,-1.5499999999999972
software,software-00010,1.125,0.29999999999999716,0.17500000000000426,0.02499999999999858,0.5250000000000057,0.22500000000000142,0.2749999999999986,0.125,0.4750000000000014,0.5,0.3999999999999986,0.3500000000000014
software,software-00011,0.9750000000000085,1.2500000000000142,0.42500000000001137,1.2500000000000142,0.0,0.6000000000000085,0.5000000000000142,0.20000000000001705,0.4000000000000057,0.30000000000001137,0.575000000000017,0.9750000000000085
