delta,tit_for_tat|high_temptation,tit_for_tat|low_temptation,tit_for_tat|mid_temptation,unknown|high_temptation,unknown|low_temptation,unknown|mid_temptation
0.0,0.41583333333333333,0.4566666666666667,0.4283333333333334,0.36166666666666664,0.5233333333333333,0.45333333333333337
0.1,0.43166666666666664,0.5108333333333334,0.48583333333333334,0.40166666666666667,0.5658333333333333,0.5375
0.2,0.4583333333333333,0.5308333333333334,0.5041666666666667,0.4291666666666667,0.6033333333333334,0.5383333333333333
0.3,0.4366666666666667,0.5216666666666666,0.49666666666666665,0.42583333333333334,0.605,0.5233333333333333
0.4,0.4458333333333333,0.525,0.5108333333333334,0.4366666666666667,0.6224999999999999,0.5458333333333333
0.5,0.46416666666666667,0.5525,0.5266666666666667,0.46166666666666667,0.6491666666666667,0.5691666666666667
0.6,0.4583333333333333,0.5425,0.4925,0.48,0.6316666666666667,0.5675
0.7,0.4558333333333333,0.5316666666666666,0.49333333333333335,0.5016666666666666,0.6466666666666666,0.6058333333333333
0.8,0.44416666666666665,0.5391666666666667,0.5116666666666667,0.5116666666666667,0.6691666666666668,0.6
0.9,0.4633333333333334,0.5525,0.5158333333333334,0.5,0.7000000000000001,0.625
0.95,0.4475,0.5491666666666667,0.52,0.47750000000000004,0.6958333333333333,0.6366666666666666
