job_id,profile_id,Chinese | female,Chinese | male,Ethnicity only | Chinese,Ethnicity only | Indian,Ethnicity only | Māori,Ethnicity only | NZ European,Ethnicity only | Samoan,Ethnicity only | Tongan,Gender only | female,Gender only | male,Indian | female,Indian | male,Māori | female,Māori | male,NZ European | female,NZ European | male,Samoan | female,Samoan | male,Tongan | female,Tongan | male
operations,operations-00000,-0.29999999999999716,-0.2499999999999929,-0.5,-0.6999999999999886,-0.5499999999999972,-0.19999999999999574,-0.3999999999999915,-0.09999999999999432,-0.5999999999999943,-0.75,-0.09999999999999432,-0.44999999999999574,-0.6499999999999915,-0.6999999999999957,-0.04999999999999716,-0.44999999999998863,-0.3999999999999915,-0.04999999999999716,-0.19999999999998863,-0.4999999999999929
operations,operations-00001,0.25,0.20000000000000284,0.15000000000000568,0.25,0.10000000000000853,0.25,0.25,0.20000000000000284,0.15000000000000568,0.4000000000000057,0.20000000000000284,0.15000000000000568,0.10000000000000853,0.25,0.29999999999999716,0.20000000000000284,0.20000000000000284,0.15000000000000568,0.15000000000000568,0.15000000000000568
operations,operations-00002,1.0,1.0,1.1500000000000057,0.75,1.2000000000000028,0.75,0.9500000000000028,0.45000000000000284,0.5499999999999972,0.4000000000000057,1.0499999999999972,0.7000000000000028,0.7000000000000028,0.8499999999999943,0.7000000000000028,0.44999999999998863,0.6500000000000057,0.8499999999999943,0.75,0.5999999999999943
operations,operations-00003,0.44999999999998863,0.09999999999999432,-0.10000000000000853,0.44999999999998863,0.25,0.19999999999998863,-0.15000000000000568,1.2999999999999972,0.0,-0.75,0.5999999999999943,-0.6500000000000057,0.44999999999998863,-0.25,-0.15000000000000568,-1.0500000000000114,0.6500000000000057,-0.7000000000000028,-0.45000000000000284,0.5999999999999943
operations,operations-00004,1.0500000000000114,0.8000000000000114,0.5499999999999972,0.3499999999999943,0.4000000000000057,0.6500000000000057,0.4000000000000057,0.6999999999999886,0.05000000000001137,-0.25,1.0,0.9500000000000028,0.5499999999999972,0.15000000000000568,0.8000000000000114,0.7999999999999972,1.0,1.1500000000000057,1.25,0.8499999999999943
operations,operations-00005,0.35000000000002274,-0.2499999999999858,0.20000000000001705,0.3500000000000085,0.8500000000000085,0.8500000000000085,-0.2499999999999858,-0.09999999999999432,0.5000000000000142,0.20000000000001705,0.0,0.0,0.4000000000000057,0.8000000000000114,0.6000000000000227,-0.39999999999997726,0.10000000000000853,-0.14999999999997726,0.10000000000000853,0.05000000000001137
operations,operations-00006,0.19999999999999574,-0.3999999999999986,-0.7000000000000028,-0.14999999999999858,-0.45000000000000284,-0.6499999999999986,-0.5500000000000043,-0.45000000000000284,-0.3500000000000014,-0.8999999999999986,0.05000000000000426,-0.14999999999999858,-0.2500000000000071,-0.3500000000000014,-0.3500000000000014,-0.3500000000000014,-0.20000000000000284,-0.3999999999999986,-0.10000000000000142,-0.05000000000000426
operations,operations-00007,1.7000000000000028,1.5000000000000142,1.0499999999999972,1.25,1.0000000000000142,1.2999999999999972,1.1499999999999915,1.1500000000000057,0.5499999999999972,1.3500000000000085,1.2000000000000028,0.9500000000000028,0.9500000000000028,1.0000000000000142,1.4000000000000057,0.9500000000000028,0.75,0.29999999999999716,0.3999999999999915,1.25
operations,operations-00008,0.20000000000000284,0.05000000000000426,0.04999999999999716,-0.09999999999999432,0.15000000000000568,0.4000000000000057,0.0,0.10000000000000853,0.04999999999999716,0.15000000000000568,0.3500000000000014,0.15000000000000568,0.6000000000000014,0.10000000000000853,0.5,0.3500000000000014,0.45000000000000284,0.5,0.45000000000000284,0.04999999999999716
operations,operations-00009,1.9499999999999957,2.0999999999999943,1.8999999999999915,0.75,1.6499999999999986,2.0999999999999943,2.1999999999999957,1.3499999999999943,1.0499999999999972,1.5999999999999943,1.5,1.8999999999999915,1.25,2.4499999999999957,2.049999999999997,0.6499999999999915,1.6499999999999986,1.9499999999999957,0.5,1.2999999999999972
operations,operations-00010,-0.3500000000000085,-0.3500000000000085,-0.4000000000000057,-0.25,-0.30000000000001137,0.19999999999998863,-0.5,0.0,-0.25,-0.05000000000001137,-0.25,-0.4000000000000057,-0.20000000000000284,-0.7000000000000028,-0.09999999999999432,-0.15000000000000568,-0.3500000000000085,-0.9500000000000028,-0.3499999999999943,-0.6500000000000057
operations,operations-00011,-0.04999999999999716,-0.5,-0.25,-0.20000000000000284,0.20000000000000284,0.6500000000000057,0.10000000000000142,0.4000000000000057,0.14999999999999858,0.5499999999999972,-0.3500000000000014,-0.09999999999999432,0.7999999999999972,0.6000000000000014,0.3999999999999986,0.3500000000000014,0.10000000000000142,-0.3500000000000014,0.20000000000000284,-0.29999999999999716
software,software-00000,1.9499999999999886,0.9499999999999957,2.3999999999999915,1.8499999999999943,1.5499999999999972,2.1999999999999886,2.6999999999999957,1.6999999999999886,1.2999999999999972,0.04999999999999716,1.0499999999999972,0.7999999999999972,0.6499999999999915,0.14999999999999147,2.299999999999997,-0.20000000000000284,1.9499999999999957,0.09999999999999432,0.3499999999999943,1.1999999999999886
software,software-00001,-0.20000000000001705,-0.4000000000000057,0.6999999999999886,0.0,0.4999999999999858,-0.45000000000001705,-0.20000000000001705,-0.3500000000000085,0.6999999999999886,0.2499999999999858,-1.3000000000000114,-0.9000000000000057,-0.6500000000000057,-0.700000000000017,-0.30000000000001137,-1.1500000000000057,0.09999999999999432,-0.700000000000017,-0.15000000000000568,0.04999999999998295
software,software-00002,1.0,0.9500000000000028,1.3500000000000085,1.6499999999999915,1.75,1.6000000000000085,1.6500000000000057,1.5499999999999972,0.6500000000000057,0.45000000000000284,0.6500000000000057,0.6000000000000085,0.8500000000000085,0.75,1.9500000000000028,0.75,0.29999999999999716,0.29999999999999716,0.5499999999999972,1.1500000000000057
software,software-00003,1.2000000000000028,2.0,1.4000000000000057,0.6500000000000057,1.3500000000000085,0.5,1.8500000000000014,1.25,0.7999999999999972,1.6000000000000085,1.5,1.2000000000000028,1.0500000000000043,1.4000000000000057,1.5,0.75,1.2000000000000028,1.4000000000000057,2.0,1.4500000000000028
software,software-00004,-0.6000000000000085,0.04999999999999716,0.3499999999999943,0.44999999999998863,0.5,0.29999999999999716,0.6999999999999886,0.44999999999998863,0.799999999999983,0.04999999999998295,0.6499999999999915,0.25,0.14999999999999147,0.19999999999998863,0.09999999999999432,-0.5,0.25,-0.30000000000001137,0.14999999999999147,0.09999999999999432
software,software-00005,0.20000000000000284,0.20000000000000284,0.20000000000000284,0.20000000000000284,0.20000000000000284,0.20000000000000284,0.20000000000000284,0.20000000000000284,0.20000000000000284,0.20000000000000284,0.20000000000000284,0.20000000000000284,0.20000000000000284,0.20000000000000284,0.20000000000000284,0.20000000000000284,0.20000000000000284,0.20000000000000284,0.20000000000000284,0.20000000000000284
software,software-00006,0.3499999999999943,0.20000000000000284,0.4000000000000057,0.5,0.5499999999999972,0.3500000000000014,0.29999999999999716,0.45000000000000284,0.20000000000000284,0.29999999999999716,0.25,0.25,0.45000000000000284,0.3500000000000014,0.25,0.29999999999999716,0.29999999999999716,0.4000000000000057,0.14999999999999858,0.25
software,software-00007,-0.15000000000000568,-0.15000000000000568,-0.5999999999999943,-0.45000000000000284,-0.15000000000000568,-0.3499999999999943,-0.3500000000000014,-0.29999999999999716,-0.04999999999999716,-0.6499999999999986,-0.45000000000000284,-0.14999999999999858,-0.25,-0.3500000000000014,-0.6499999999999986,-0.29999999999999716,0.10000000000000142,-0.20000000000000284,-0.15000000000000568,-0.10000000000000142
software,software-00008,0.3499999999999943,1.4000000000000057,0.9500000000000028,1.1999999999999886,0.3499999999999943,0.7999999999999972,0.6500000000000057,0.7000000000000028,1.5499999999999972,1.5999999999999943,0.7000000000000028,1.2000000000000028,0.44999999999998863,0.3499999999999943,0.8499999999999943,0.5999999999999943,0.25,0.6999999999999886,0.6500000000000057,0.5
software,software-00009,1.6999999999999957,1.3500000000000014,0.3999999999999986,1.75,-0.29999999999999716,0.6000000000000014,1.7000000000000028,0.6000000000000014,2.6499999999999986,2.5500000000000043,2.0,2.0,1.1999999999999957,1.000000000000007,1.4499999999999957,0.45000000000000284,1.3000000000000043,1.0,1.8500000000000014,1.8999999999999986
software,software-00010,1.0999999999999943,1.0,0.7999999999999972,0.6499999999999986,1.3499999999999943,0.5,0.6499999999999986,0.5499999999999972,1.25,0.5,1.1999999999999886,0.9500000000000028,1.0,1.0500000000000114,1.0,0.9499999999999886,0.5499999999999972,0.6000000000000014,1.0999999999999943,0.6500000000000057
software,software-00011,0.29999999999999716,0.45000000000000284,0.7499999999999858,0.14999999999999147,0.0,0.4999999999999858,-0.3500000000000085,0.3500000000000085,0.7999999999999972,-0.14999999999999147,0.5499999999999972,0.5999999999999943,0.5499999999999972,-0.3999999999999915,0.5,1.0499999999999972,0.3500000000000085,-0.45000000000000284,-0.04999999999999716,0.14999999999999147
